Chromosome,Position,rsIDs,Reference,Alternate,Source,Filters - exomes,Filters - genomes,Transcript,HGVS Consequence,Protein Consequence,Transcript Consequence,VEP Annotation,ClinVar Clinical Significance,ClinVar Variation ID,Flags,Allele Count,Allele Number,Allele Frequency,Homozygote Count,Hemizygote Count,Allele Count African/African American,Allele Number African/African American,Homozygote Count African/African American,Hemizygote Count African/African American,Allele Count Latino/Admixed American,Allele Number Latino/Admixed American,Homozygote Count Latino/Admixed American,Hemizygote Count Latino/Admixed American,Allele Count Ashkenazi Jewish,Allele Number Ashkenazi Jewish,Homozygote Count Ashkenazi Jewish,Hemizygote Count Ashkenazi Jewish,Allele Count East Asian,Allele Number East Asian,Homozygote Count East Asian,Hemizygote Count East Asian,Allele Count European (Finnish),Allele Number European (Finnish),Homozygote Count European (Finnish),Hemizygote Count European (Finnish),Allele Count European (non-Finnish),Allele Number European (non-Finnish),Homozygote Count European (non-Finnish),Hemizygote Count European (non-Finnish),Allele Count Other,Allele Number Other,Homozygote Count Other,Hemizygote Count Other,Allele Count South Asian,Allele Number South Asian,Homozygote Count South Asian,Hemizygote Count South Asian
22,36003380,rs371990857,C,T,"gnomAD Exomes,gnomAD Genomes",PASS,PASS,ENST00000397326.2,p.Met143Ile,p.Met143Ile,c.429G>A,missense_variant,,,,31,282650,0.00010967627808243411,0,0,0,24972,0,0,1,35428,0,0,0,10366,0,0,0,19940,0,0,3,25106,0,0,24,129014,0,0,3,7214,0,0,0,30610,0,0
22,36007001,rs775351969,T,C,"gnomAD Exomes,gnomAD Genomes",PASS,PASS,ENST00000397326.2,p.His83Arg,p.His83Arg,c.248A>G,missense_variant,,,,30,282836,0.0001060685344157038,0,0,0,24964,0,0,0,35434,0,0,0,10368,0,0,0,19944,0,0,29,25120,0,0,0,129162,0,0,1,7228,0,0,0,30616,0,0
22,36013289,rs143416423,C,T,gnomAD Exomes,PASS,NA,ENST00000397326.2,p.Gly6Arg,p.Gly6Arg,c.16G>A,missense_variant,,,,21,251382,0.00008353820082583479,0,0,3,16256,0,0,2,34566,0,0,0,10076,0,0,0,18390,0,0,0,21648,0,0,11,113692,0,0,0,6138,0,0,5,30616,0,0
22,36003390,rs142225854,C,T,"gnomAD Exomes,gnomAD Genomes",PASS,PASS,ENST00000397326.2,p.Arg140Gln,p.Arg140Gln,c.419G>A,missense_variant,,,,20,282710,0.00007074387181210428,0,0,13,24968,0,0,2,35418,0,0,0,10364,0,0,1,19938,0,0,0,25116,0,0,3,129074,0,0,0,7222,0,0,1,30610,0,0
22,36003379,rs1477780438,C,A,gnomAD Genomes,NA,PASS,ENST00000397326.2,p.Ala144Ser,p.Ala144Ser,c.430G>T,missense_variant,,,,2,31404,0.00006368615462998345,0,0,2,8718,0,0,0,848,0,0,0,290,0,0,0,1560,0,0,0,3476,0,0,0,15428,0,0,0,1084,0,0,0,0,0,0
22,36006971,rs147598364,G,A,"gnomAD Exomes,gnomAD Genomes",PASS,PASS,ENST00000397326.2,p.Ser93Leu,p.Ser93Leu,c.278C>T,missense_variant,,,,16,282770,0.00005658308872935601,0,0,1,24964,0,0,2,35426,0,0,0,10370,0,0,0,19942,0,0,0,25110,0,0,13,129116,0,0,0,7228,0,0,0,30614,0,0
22,36007035,rs370643123,C,T,"gnomAD Exomes,gnomAD Genomes",PASS,PASS,ENST00000397326.2,p.Ala72Thr,p.Ala72Thr,c.214G>A,missense_variant,,,,11,282842,0.000038890970930767,0,0,0,24956,0,0,0,35436,0,0,0,10370,0,0,1,19952,0,0,0,25120,0,0,10,129166,0,0,0,7226,0,0,0,30616,0,0
22,36003448,rs769102587,G,C,gnomAD Exomes,PASS,NA,ENST00000397326.2,p.Pro121Ala,p.Pro121Ala,c.361C>G,missense_variant,,,,9,251410,0.00003579809872320115,0,0,0,16254,0,0,4,34566,0,0,0,10076,0,0,0,18392,0,0,0,21648,0,0,5,113726,0,0,0,6138,0,0,0,30610,0,0
22,36013219,rs1297974241,A,T,gnomAD Genomes,NA,PASS,ENST00000397326.2,p.Val29Asp,p.Val29Asp,c.86T>A,missense_variant,,,,1,31356,0.00003189182293659906,0,0,0,8702,0,0,0,848,0,0,0,290,0,0,0,1556,0,0,0,3472,0,0,1,15402,0,0,0,1086,0,0,0,0,0,0
22,36007044,rs760160691,C,T,"gnomAD Exomes,gnomAD Genomes",PASS,PASS,ENST00000397326.2,p.Val69Met,p.Val69Met,c.205G>A,missense_variant,,,,8,282858,0.000028282742577547746,0,0,1,24962,0,0,0,35436,0,0,0,10370,0,0,0,19952,0,0,0,25124,0,0,6,129172,0,0,0,7226,0,0,1,30616,0,0
22,36003448,rs769102587,G,A,gnomAD Exomes,PASS,NA,ENST00000397326.2,p.Pro121Ser,p.Pro121Ser,c.361C>T,missense_variant,,,,7,251410,0.00002784296567360089,0,0,0,16254,0,0,5,34566,0,0,0,10076,0,0,0,18392,0,0,0,21648,0,0,0,113726,0,0,2,6138,0,0,0,30610,0,0
22,36003445,rs746323657,C,T,"gnomAD Exomes,gnomAD Genomes",PASS,PASS,ENST00000397326.2,p.Gly122Arg,p.Gly122Arg,c.364G>A,missense_variant,,,,7,282776,0.00002475457606020313,0,0,3,24968,0,0,0,35416,0,0,0,10366,0,0,1,19948,0,0,0,25112,0,0,3,129132,0,0,0,7224,0,0,0,30610,0,0
22,36013265,rs769142739,C,T,gnomAD Exomes,PASS,NA,ENST00000397326.2,p.Val14Ile,p.Val14Ile,c.40G>A,missense_variant,,,,6,251422,0.000023864260088615952,0,0,0,16254,0,0,0,34576,0,0,0,10078,0,0,0,18394,0,0,0,21648,0,0,5,113716,0,0,1,6140,0,0,0,30616,0,0
22,36003451,rs578101850,G,T,"gnomAD Exomes,gnomAD Genomes",PASS,PASS,ENST00000397326.2,p.His120Asn,p.His120Asn,c.358C>A,missense_variant,,,,6,282756,0.000021219708865594364,0,0,0,24960,0,0,0,35410,0,0,0,10366,0,0,0,19950,0,0,0,25122,0,0,6,129114,0,0,0,7226,0,0,0,30608,0,0
22,36006991,rs369003833,C,A,"gnomAD Exomes,gnomAD Genomes",PASS,PASS,ENST00000397326.2,p.Glu86Asp,p.Glu86Asp,c.258G>T,missense_variant,,,,6,282844,0.00002121310687163242,0,0,6,24964,0,0,0,35436,0,0,0,10370,0,0,0,19946,0,0,0,25122,0,0,0,129166,0,0,0,7226,0,0,0,30614,0,0
22,36013214,rs746664660,T,C,gnomAD Exomes,PASS,NA,ENST00000397326.2,p.Ile31Val,p.Ile31Val,c.91A>G,missense_variant,,,,5,251382,0.00001989004781567495,0,0,0,16254,0,0,0,34574,0,0,0,10074,0,0,5,18392,0,0,0,21648,0,0,0,113684,0,0,0,6140,0,0,0,30616,0,0
22,36013266,rs541287161,G,T,gnomAD Exomes,PASS,NA,ENST00000397326.2,p.Asn13Lys,p.Asn13Lys,c.39C>A,missense_variant,,,,5,251408,0.000019887990835613824,0,0,0,16254,0,0,0,34574,0,0,0,10078,0,0,0,18392,0,0,0,21648,0,0,0,113708,0,0,1,6138,0,0,4,30616,0,0
22,36013293,rs758164217,G,C,"gnomAD Exomes,gnomAD Genomes",PASS,PASS,ENST00000397326.2,p.Ser4Arg,p.Ser4Arg,c.12C>G,missense_variant,,,,5,282766,0.000017682465360050358,0,0,1,24970,0,0,0,35414,0,0,0,10364,0,0,0,19948,0,0,0,25122,0,0,4,129108,0,0,0,7224,0,0,0,30616,0,0
22,36003366,rs1240709321,T,C,gnomAD Exomes,PASS,NA,ENST00000397326.2,p.Lys148Arg,p.Lys148Arg,c.443A>G,missense_variant,,,,4,251056,0.000015932700274042444,0,0,0,16252,0,0,0,34562,0,0,0,10068,0,0,2,18380,0,0,2,21624,0,0,0,113446,0,0,0,6122,0,0,0,30602,0,0
22,36003442,rs757809978,C,T,gnomAD Exomes,PASS,NA,ENST00000397326.2,p.Asp123Asn,p.Asp123Asn,c.367G>A,missense_variant,,,,4,251384,0.00001591191165706648,0,0,0,16248,0,0,0,34564,0,0,0,10074,0,0,0,18390,0,0,0,21648,0,0,4,113714,0,0,0,6136,0,0,0,30610,0,0
22,36013261,rs374212851,C,A,gnomAD Exomes,PASS,NA,ENST00000397326.2,p.Trp15Leu,p.Trp15Leu,c.44G>T,missense_variant,,,,4,251432,0.00001590887396990041,0,0,0,16256,0,0,0,34578,0,0,0,10078,0,0,0,18392,0,0,0,21648,0,0,4,113724,0,0,0,6140,0,0,0,30616,0,0
22,36007086,rs145465287,C,T,gnomAD Exomes,PASS,NA,ENST00000397326.2,p.Glu55Lys,p.Glu55Lys,c.163G>A,missense_variant,,,,4,251460,0.00001590710252127575,0,0,0,16256,0,0,0,34588,0,0,0,10080,0,0,1,18394,0,0,0,21648,0,0,3,113742,0,0,0,6136,0,0,0,30616,0,0
22,36007037,rs141027282,G,T,gnomAD Exomes,PASS,NA,ENST00000397326.2,p.Thr71Asn,p.Thr71Asn,c.212C>A,missense_variant,,,,4,251462,0.000015906976004326698,0,0,0,16256,0,0,0,34590,0,0,0,10080,0,0,0,18392,0,0,0,21648,0,0,4,113742,0,0,0,6138,0,0,0,30616,0,0
22,36003466,rs201339754,C,T,"gnomAD Exomes,gnomAD Genomes",PASS,PASS,ENST00000397326.2,p.Val115Ile,p.Val115Ile,c.343G>A,missense_variant,,,,4,282696,0.00001414947505447548,0,0,0,24962,0,0,0,35404,0,0,0,10352,0,0,0,19948,0,0,0,25118,0,0,4,129080,0,0,0,7222,0,0,0,30610,0,0
22,36003391,rs767663245,G,A,"gnomAD Exomes,gnomAD Genomes",PASS,PASS,ENST00000397326.2,p.Arg140Trp,p.Arg140Trp,c.418C>T,missense_variant,,,,4,282706,0.000014148974553069267,0,0,1,24964,0,0,0,35422,0,0,0,10366,0,0,1,19942,0,0,0,25114,0,0,1,129068,0,0,1,7222,0,0,0,30608,0,0
22,36003483,rs147419024,G,A,gnomAD Exomes,PASS,NA,ENST00000397326.2,p.Ser109Leu,p.Ser109Leu,c.326C>T,missense_variant,,,,3,251104,0.00001194724098381547,0,0,1,16254,0,0,0,34548,0,0,0,10056,0,0,0,18392,0,0,0,21634,0,0,2,113518,0,0,0,6126,0,0,0,30576,0,0
22,36006945,rs751293131,C,T,gnomAD Exomes,PASS,NA,ENST00000397326.2,p.Val102Met,p.Val102Met,c.304G>A,missense_variant,,,,3,251214,0.00001194200960137572,0,0,0,16250,0,0,1,34562,0,0,0,10072,0,0,0,18374,0,0,0,21608,0,0,2,113626,0,0,0,6126,0,0,0,30596,0,0
22,36013301,rs777444053,C,A,gnomAD Exomes,PASS,NA,ENST00000397326.2,p.Gly2Trp,p.Gly2Trp,c.4G>T,missense_variant,,,,3,251342,0.00001193592793882439,0,0,0,16256,0,0,0,34560,0,0,0,10076,0,0,0,18390,0,0,0,21640,0,0,0,113672,0,0,0,6136,0,0,3,30612,0,0
22,36007076,rs758724183,G,A,gnomAD Exomes,PASS,NA,ENST00000397326.2,p.Ala58Val,p.Ala58Val,c.173C>T,missense_variant,,,,3,251454,0.000011930611563148727,0,0,0,16256,0,0,0,34588,0,0,0,10080,0,0,0,18394,0,0,0,21648,0,0,1,113736,0,0,0,6136,0,0,2,30616,0,0
22,36007153,rs771836779,C,G,gnomAD Exomes,PASS,NA,ENST00000397326.2,p.Arg32Ser,p.Arg32Ser,c.96G>C,missense_variant,,,,2,250874,0.000007972129435493515,0,0,0,16238,0,0,1,34558,0,0,0,10056,0,0,0,18392,0,0,0,21476,0,0,1,113426,0,0,0,6122,0,0,0,30606,0,0
22,36003487,rs1198872473,T,A,gnomAD Exomes,PASS,NA,ENST00000397326.2,p.Ile108Phe,p.Ile108Phe,c.322A>T,missense_variant,,,,2,251064,0.000007966096294172004,0,0,0,16254,0,0,2,34524,0,0,0,10052,0,0,0,18386,0,0,0,21632,0,0,0,113512,0,0,0,6130,0,0,0,30574,0,0
22,36013292,rs752713728,C,T,gnomAD Exomes,PASS,NA,ENST00000397326.2,p.Asp5Asn,p.Asp5Asn,c.13G>A,missense_variant,,,,2,251384,0.00000795595582853324,0,0,0,16256,0,0,1,34568,0,0,0,10074,0,0,0,18390,0,0,0,21646,0,0,1,113698,0,0,0,6136,0,0,0,30616,0,0
22,36003452,rs748423467,C,A,gnomAD Exomes,PASS,NA,ENST00000397326.2,p.Lys119Asn,p.Lys119Asn,c.357G>T,missense_variant,,,,2,251388,0.000007955829236081276,0,0,0,16254,0,0,0,34572,0,0,0,10070,0,0,0,18390,0,0,0,21646,0,0,0,113712,0,0,0,6136,0,0,2,30608,0,0
22,36013283,rs148810900,A,G,gnomAD Exomes,PASS,NA,ENST00000397326.2,p.Trp8Arg,p.Trp8Arg,c.22T>C,missense_variant,,,,2,251400,0.000007955449482895783,0,0,1,16256,0,0,0,34570,0,0,0,10076,0,0,0,18392,0,0,0,21648,0,0,1,113704,0,0,0,6138,0,0,0,30616,0,0
22,36003447,rs749645022,G,A,gnomAD Exomes,PASS,NA,ENST00000397326.2,p.Pro121Leu,p.Pro121Leu,c.362C>T,missense_variant,,,,2,251410,0.000007955133049600255,0,0,2,16254,0,0,0,34572,0,0,0,10076,0,0,0,18392,0,0,0,21648,0,0,0,113718,0,0,0,6138,0,0,0,30612,0,0
22,36003420,rs1176820819,C,A,gnomAD Exomes,PASS,NA,ENST00000397326.2,p.Gly130Val,p.Gly130Val,c.389G>T,missense_variant,,,,2,251426,0.000007954626808683271,0,0,0,16252,0,0,1,34580,0,0,0,10072,0,0,1,18388,0,0,0,21646,0,0,0,113734,0,0,0,6138,0,0,0,30616,0,0
22,36003430,rs1464672989,C,T,gnomAD Exomes,PASS,NA,ENST00000397326.2,p.Asp127Asn,p.Asp127Asn,c.379G>A,missense_variant,,,,2,251434,0.000007954373712385755,0,0,2,16254,0,0,0,34580,0,0,0,10076,0,0,0,18388,0,0,0,21646,0,0,0,113736,0,0,0,6138,0,0,0,30616,0,0
22,36003402,rs760617021,A,T,"gnomAD Exomes,gnomAD Genomes",PASS,PASS,ENST00000397326.2,p.Leu136Gln,p.Leu136Gln,c.407T>A,missense_variant,,,,2,282784,0.000007072535928482517,0,0,0,24970,0,0,0,35430,0,0,0,10364,0,0,0,19940,0,0,0,25118,0,0,2,129130,0,0,0,7222,0,0,0,30610,0,0
22,36013260,rs1490039918,C,G,"gnomAD Exomes,gnomAD Genomes",PASS,PASS,ENST00000397326.2,p.Trp15Cys,p.Trp15Cys,c.45G>C,missense_variant,,,,2,282822,0.000007071585661652912,0,0,0,24970,0,0,1,35424,0,0,0,10368,0,0,0,19950,0,0,0,25124,0,0,1,129142,0,0,0,7228,0,0,0,30616,0,0
22,36007008,rs775322083,CCTT,C,"gnomAD Exomes,gnomAD Genomes",PASS,PASS,ENST00000397326.2,p.Lys80del,p.Lys80del,c.238_240delAAG,inframe_deletion,,,,2,282852,0.000007070835631354914,0,0,0,24968,0,0,0,35432,0,0,0,10368,0,0,0,19946,0,0,1,25122,0,0,1,129172,0,0,0,7228,0,0,0,30616,0,0
22,36003360,rs768743420,A,G,gnomAD Exomes,PASS,NA,ENST00000397326.2,p.Leu150Pro,p.Leu150Pro,c.449T>C,missense_variant,,,,1,250910,0.000003985492806185485,0,0,0,16246,0,0,1,34554,0,0,0,10054,0,0,0,18376,0,0,0,21612,0,0,0,113362,0,0,0,6110,0,0,0,30596,0,0
22,36003362,rs1381773320,C,G,gnomAD Exomes,PASS,NA,ENST00000397326.2,p.Glu149Asp,p.Glu149Asp,c.447G>C,missense_variant,,,,1,250938,0.000003985048099530561,0,0,1,16252,0,0,0,34554,0,0,0,10052,0,0,0,18382,0,0,0,21612,0,0,0,113378,0,0,0,6116,0,0,0,30592,0,0
22,36007146,rs774291143,T,G,gnomAD Exomes,PASS,NA,ENST00000397326.2,p.Lys35Gln,p.Lys35Gln,c.103A>C,missense_variant,,,,1,251134,0.000003981937929551554,0,0,0,16244,0,0,0,34572,0,0,0,10058,0,0,0,18394,0,0,0,21574,0,0,1,113548,0,0,0,6130,0,0,0,30614,0,0
22,36007147,rs748022154,A,T,gnomAD Exomes,PASS,NA,ENST00000397326.2,p.Phe34Leu,p.Phe34Leu,c.102T>A,missense_variant,,,,1,251144,0.000003981779377568248,0,0,0,16246,0,0,0,34572,0,0,0,10060,0,0,0,18394,0,0,0,21580,0,0,0,113550,0,0,0,6130,0,0,1,30612,0,0
22,36003478,rs770842177,A,C,gnomAD Exomes,PASS,NA,ENST00000397326.2,p.Cys111Gly,p.Cys111Gly,c.331T>G,missense_variant,,,,1,251166,0.000003981430607645939,0,0,0,16254,0,0,0,34528,0,0,0,10060,0,0,0,18388,0,0,0,21632,0,0,0,113586,0,0,0,6122,0,0,1,30596,0,0
22,36007142,rs539078652,C,T,gnomAD Exomes,PASS,NA,ENST00000397326.2,p.Gly36Asp,p.Gly36Asp,c.107G>A,missense_variant,,,,1,251214,0.00000398066986712524,0,0,0,16252,0,0,0,34574,0,0,0,10064,0,0,1,18394,0,0,0,21588,0,0,0,113600,0,0,0,6130,0,0,0,30612,0,0
22,36007142,rs539078652,C,A,gnomAD Exomes,PASS,NA,ENST00000397326.2,p.Gly36Val,p.Gly36Val,c.107G>T,missense_variant,,,,1,251214,0.00000398066986712524,0,0,0,16252,0,0,0,34574,0,0,0,10064,0,0,1,18394,0,0,0,21588,0,0,0,113600,0,0,0,6130,0,0,0,30612,0,0
22,36006950,rs754239947,A,T,gnomAD Exomes,PASS,NA,ENST00000397326.2,p.Ile100Asn,p.Ile100Asn,c.299T>A,missense_variant,,,,1,251314,0.000003979085924381451,0,0,0,16252,0,0,0,34570,0,0,0,10074,0,0,0,18378,0,0,0,21636,0,0,1,113662,0,0,0,6134,0,0,0,30608,0,0
22,36003465,rs760810878,A,G,gnomAD Exomes,PASS,NA,ENST00000397326.2,p.Val115Ala,p.Val115Ala,c.344T>C,missense_variant,,,,1,251320,0.000003978990927900684,0,0,1,16254,0,0,0,34562,0,0,0,10066,0,0,0,18390,0,0,0,21644,0,0,0,113662,0,0,0,6132,0,0,0,30610,0,0
22,36006952,rs146472305,C,A,gnomAD Exomes,PASS,NA,ENST00000397326.2,p.Lys99Asn,p.Lys99Asn,c.297G>T,missense_variant,,,,1,251330,0.000003978832610512076,0,0,0,16252,0,0,0,34574,0,0,0,10074,0,0,0,18380,0,0,0,21636,0,0,1,113670,0,0,0,6134,0,0,0,30610,0,0
22,36006954,rs753091060,T,G,gnomAD Exomes,PASS,NA,ENST00000397326.2,p.Lys99Gln,p.Lys99Gln,c.295A>C,missense_variant,,,,1,251334,0.000003978769287084119,0,0,0,16252,0,0,0,34564,0,0,0,10074,0,0,1,18380,0,0,0,21638,0,0,0,113682,0,0,0,6134,0,0,0,30610,0,0
22,36013304,rs568295263,T,C,gnomAD Exomes,PASS,NA,ENST00000397326.2,p.Met1?,p.Met1?,c.1A>G,start_lost,,,,1,251334,0.000003978769287084119,0,0,0,16256,0,0,0,34552,0,0,0,10070,0,0,1,18386,0,0,0,21646,0,0,0,113674,0,0,0,6138,0,0,0,30612,0,0
22,36013301,rs777444053,C,T,gnomAD Exomes,PASS,NA,ENST00000397326.2,p.Gly2Arg,p.Gly2Arg,c.4G>A,missense_variant,,,,1,251342,0.000003978642646274797,0,0,0,16256,0,0,0,34560,0,0,0,10076,0,0,0,18390,0,0,0,21640,0,0,0,113672,0,0,0,6136,0,0,1,30612,0,0
22,36006960,rs777940900,T,C,gnomAD Exomes,PASS,NA,ENST00000397326.2,p.Lys97Glu,p.Lys97Glu,c.289A>G,missense_variant,,,,1,251364,0.000003978294425613851,0,0,1,16254,0,0,0,34576,0,0,0,10078,0,0,0,18384,0,0,0,21632,0,0,0,113694,0,0,0,6136,0,0,0,30610,0,0
22,36003399,rs773082492,T,C,gnomAD Exomes,PASS,NA,ENST00000397326.2,p.Glu137Gly,p.Glu137Gly,c.410A>G,missense_variant,,,,1,251376,0.000003978104512761759,0,0,0,16254,0,0,0,34578,0,0,0,10074,0,0,0,18382,0,0,0,21644,0,0,1,113696,0,0,0,6134,0,0,0,30614,0,0
22,36003418,rs754860561,C,T,gnomAD Exomes,PASS,NA,ENST00000397326.2,p.Ala131Thr,p.Ala131Thr,c.391G>A,missense_variant,,,,1,251380,0.000003978041212506962,0,0,0,16252,0,0,0,34566,0,0,0,10068,0,0,0,18388,0,0,0,21646,0,0,0,113718,0,0,0,6132,0,0,1,30610,0,0
22,36003418,rs754860561,C,A,gnomAD Exomes,PASS,NA,ENST00000397326.2,p.Ala131Ser,p.Ala131Ser,c.391G>T,missense_variant,,,,1,251380,0.000003978041212506962,0,0,0,16252,0,0,0,34566,0,0,0,10068,0,0,1,18388,0,0,0,21646,0,0,0,113718,0,0,0,6132,0,0,0,30610,0,0
22,36006966,rs1386895606,C,A,gnomAD Exomes,PASS,NA,ENST00000397326.2,p.Ala95Ser,p.Ala95Ser,c.283G>T,missense_variant,,,,1,251384,0.00000397797791426662,0,0,0,16254,0,0,0,34578,0,0,0,10080,0,0,1,18382,0,0,0,21642,0,0,0,113700,0,0,0,6140,0,0,0,30608,0,0
22,36013217,rs1365038104,G,A,gnomAD Exomes,PASS,NA,ENST00000397326.2,p.Leu30Phe,p.Leu30Phe,c.88C>T,missense_variant,,,,1,251384,0.00000397797791426662,0,0,0,16256,0,0,0,34574,0,0,0,10074,0,0,0,18394,0,0,0,21648,0,0,0,113684,0,0,0,6140,0,0,1,30614,0,0
22,36003400,rs1201394886,C,G,gnomAD Exomes,PASS,NA,ENST00000397326.2,p.Glu137Gln,p.Glu137Gln,c.409G>C,missense_variant,,,,1,251386,0.00000397794626590184,0,0,0,16252,0,0,0,34582,0,0,0,10074,0,0,1,18386,0,0,0,21646,0,0,0,113698,0,0,0,6134,0,0,0,30614,0,0
22,36003456,rs771985356,C,T,gnomAD Exomes,PASS,NA,ENST00000397326.2,p.Ser118Asn,p.Ser118Asn,c.353G>A,missense_variant,,,,1,251390,0.000003977882970683003,0,0,0,16254,0,0,0,34574,0,0,0,10076,0,0,0,18392,0,0,0,21646,0,0,1,113700,0,0,0,6138,0,0,0,30610,0,0
22,36013219,rs1297974241,A,G,gnomAD Exomes,PASS,NA,ENST00000397326.2,p.Val29Ala,p.Val29Ala,c.86T>C,missense_variant,,,,1,251396,0.0000039777880316313705,0,0,0,16256,0,0,0,34576,0,0,0,10074,0,0,0,18394,0,0,0,21648,0,0,0,113696,0,0,0,6140,0,0,1,30612,0,0
22,36013286,rs1420375074,C,T,gnomAD Exomes,PASS,NA,ENST00000397326.2,p.Glu7Lys,p.Glu7Lys,c.19G>A,missense_variant,,,,1,251396,0.0000039777880316313705,0,0,0,16256,0,0,0,34570,0,0,0,10076,0,0,0,18390,0,0,0,21648,0,0,0,113704,0,0,0,6138,0,0,1,30614,0,0
22,36007119,rs1345823750,A,G,gnomAD Exomes,PASS,NA,ENST00000397326.2,p.Phe44Leu,p.Phe44Leu,c.130T>C,missense_variant,,,,1,251402,0.000003977693097111399,0,0,0,16256,0,0,0,34588,0,0,0,10074,0,0,1,18394,0,0,0,21642,0,0,0,113700,0,0,0,6134,0,0,0,30614,0,0
22,36013220,rs770418116,C,T,gnomAD Exomes,PASS,NA,ENST00000397326.2,p.Val29Ile,p.Val29Ile,c.85G>A,missense_variant,,,,1,251402,0.000003977693097111399,0,0,0,16256,0,0,0,34580,0,0,0,10074,0,0,0,18394,0,0,0,21648,0,0,1,113696,0,0,0,6140,0,0,0,30614,0,0
22,36006977,rs781266363,G,A,gnomAD Exomes,PASS,NA,ENST00000397326.2,p.Ala91Val,p.Ala91Val,c.272C>T,missense_variant,,,,1,251408,0.000003977598167122764,0,0,0,16254,0,0,0,34582,0,0,0,10078,0,0,0,18386,0,0,0,21644,0,0,1,113714,0,0,0,6140,0,0,0,30610,0,0
22,36013266,rs541287161,G,C,gnomAD Exomes,PASS,NA,ENST00000397326.2,p.Asn13Lys,p.Asn13Lys,c.39C>G,missense_variant,,,,1,251408,0.000003977598167122764,0,0,0,16254,0,0,0,34574,0,0,0,10078,0,0,0,18392,0,0,0,21648,0,0,0,113708,0,0,1,6138,0,0,0,30616,0,0
22,36013271,rs201387929,G,T,gnomAD Exomes,PASS,NA,ENST00000397326.2,p.Leu12Met,p.Leu12Met,c.34C>A,missense_variant,,,,1,251418,0.0000039774399605437955,0,0,0,16256,0,0,0,34576,0,0,0,10074,0,0,0,18394,0,0,0,21648,0,0,1,113714,0,0,0,6140,0,0,0,30616,0,0
22,36003436,rs752436624,C,T,gnomAD Exomes,PASS,NA,ENST00000397326.2,p.Gly125Ser,p.Gly125Ser,c.373G>A,missense_variant,,,,1,251420,0.000003977408320738207,0,0,0,16254,0,0,0,34574,0,0,0,10074,0,0,0,18390,0,0,0,21648,0,0,1,113726,0,0,0,6138,0,0,0,30616,0,0
22,36007112,rs756184068,T,G,gnomAD Exomes,PASS,NA,ENST00000397326.2,p.Lys46Thr,p.Lys46Thr,c.137A>C,missense_variant,,,,1,251420,0.000003977408320738207,0,0,0,16256,0,0,0,34586,0,0,0,10078,0,0,0,18394,0,0,0,21648,0,0,1,113708,0,0,0,6134,0,0,0,30616,0,0
22,36003407,rs766095327,C,G,gnomAD Exomes,PASS,NA,ENST00000397326.2,p.Lys134Asn,p.Lys134Asn,c.402G>C,missense_variant,,,,1,251424,0.000003977345042637139,0,0,0,16254,0,0,0,34586,0,0,0,10074,0,0,0,18388,0,0,0,21646,0,0,1,113726,0,0,0,6136,0,0,0,30614,0,0
22,36013276,rs1369440161,A,C,gnomAD Exomes,PASS,NA,ENST00000397326.2,p.Leu10Trp,p.Leu10Trp,c.29T>G,missense_variant,,,,1,251424,0.000003977345042637139,0,0,0,16256,0,0,0,34574,0,0,0,10076,0,0,1,18394,0,0,0,21648,0,0,0,113720,0,0,0,6140,0,0,0,30616,0,0
22,36007104,rs1440691130,G,T,gnomAD Exomes,PASS,NA,ENST00000397326.2,p.His49Asn,p.His49Asn,c.145C>A,missense_variant,,,,1,251426,0.0000039773134043416354,0,0,0,16256,0,0,0,34588,0,0,0,10080,0,0,0,18394,0,0,0,21638,0,0,1,113722,0,0,0,6132,0,0,0,30616,0,0
22,36003426,rs764776177,G,A,gnomAD Exomes,PASS,NA,ENST00000397326.2,p.Ala128Val,p.Ala128Val,c.383C>T,missense_variant,,,,1,251428,0.00000397728176654947,0,0,0,16252,0,0,0,34580,0,0,0,10074,0,0,0,18390,0,0,0,21644,0,0,1,113734,0,0,0,6138,0,0,0,30616,0,0
22,36013253,rs1269402659,C,A,gnomAD Exomes,PASS,NA,ENST00000397326.2,p.Val18Leu,p.Val18Leu,c.52G>T,missense_variant,,,,1,251428,0.00000397728176654947,0,0,0,16256,0,0,0,34576,0,0,0,10078,0,0,0,18394,0,0,0,21648,0,0,1,113720,0,0,0,6140,0,0,0,30616,0,0
22,36006987,rs1401931935,T,C,gnomAD Exomes,PASS,NA,ENST00000397326.2,p.Lys88Glu,p.Lys88Glu,c.262A>G,missense_variant,,,,1,251442,0.000003977060316096754,0,0,0,16256,0,0,0,34588,0,0,0,10078,0,0,0,18384,0,0,1,21644,0,0,0,113738,0,0,0,6140,0,0,0,30614,0,0
22,36007077,rs764466189,C,T,gnomAD Exomes,PASS,NA,ENST00000397326.2,p.Ala58Thr,p.Ala58Thr,c.172G>A,missense_variant,,,,1,251456,0.000003976838890302876,0,0,0,16256,0,0,0,34588,0,0,0,10080,0,0,0,18394,0,0,0,21648,0,0,0,113738,0,0,0,6136,0,0,1,30616,0,0
22,36007008,rs775322083,C,A,gnomAD Exomes,PASS,NA,ENST00000397326.2,p.Gly81Trp,p.Gly81Trp,c.241G>T,missense_variant,,,,1,251458,0.000003976807260059334,0,0,0,16256,0,0,0,34586,0,0,0,10078,0,0,0,18390,0,0,0,21646,0,0,1,113746,0,0,0,6140,0,0,0,30616,0,0
22,36007049,rs1459802907,G,A,gnomAD Exomes,PASS,NA,ENST00000397326.2,p.Ala67Val,p.Ala67Val,c.200C>T,missense_variant,,,,1,251460,0.000003976775630318937,0,0,0,16256,0,0,0,34588,0,0,0,10080,0,0,0,18392,0,0,0,21644,0,0,1,113746,0,0,0,6138,0,0,0,30616,0,0
22,36007056,rs1182829035,G,T,gnomAD Exomes,PASS,NA,ENST00000397326.2,p.His65Asn,p.His65Asn,c.193C>A,missense_variant,,,,1,251462,0.0000039767440010816745,0,0,0,16256,0,0,0,34588,0,0,0,10080,0,0,0,18394,0,0,0,21648,0,0,0,113742,0,0,0,6138,0,0,1,30616,0,0
22,36007068,,C,T,gnomAD Exomes,PASS,NA,ENST00000397326.2,p.Asp61Asn,p.Asp61Asn,c.181G>A,missense_variant,,,,1,251462,0.0000039767440010816745,0,0,0,16256,0,0,0,34588,0,0,0,10080,0,0,0,18394,0,0,0,21648,0,0,1,113742,0,0,0,6138,0,0,0,30616,0,0
